{"cameraMode":{"drawMode":0,"name":"Shaded","section":"Shading Mode"},"sceneLighting":true,"audioPlay":false,"sceneViewState":{"m_AlwaysRefresh":false,"showFog":true,"showSkybox":true,"showFlares":true,"showImageEffects":true,"showParticleSystems":true,"showVisualEffectGraphs":true,"m_FxEnabled":true},"in2DMode":false,"pivot":{"x":30.057680130004884,"y":-0.15876054763793946,"z":9.827835083007813},"rotation":{"x":-0.00464625796303153,"y":0.8037406206130981,"z":-0.006276997737586498,"w":-0.594928503036499},"size":12.13222885131836,"orthographic":false}