{"cameraMode":{"drawMode":0,"name":"Shaded","section":"Shading Mode"},"sceneLighting":true,"audioPlay":false,"sceneViewState":{"m_AlwaysRefresh":false,"showFog":true,"showSkybox":true,"showFlares":true,"showImageEffects":true,"showParticleSystems":true,"showVisualEffectGraphs":true,"m_FxEnabled":true},"in2DMode":false,"pivot":{"x":-203.47793579101563,"y":-62.43912887573242,"z":151.07138061523438},"rotation":{"x":-0.20874568819999696,"y":0.6853497624397278,"z":-0.21562060713768006,"w":-0.6634977459907532},"size":144.90274047851563,"orthographic":false}